{"_wandb":{"runtime":16},"_runtime":16,"batch_loss":2.229825496673584,"epoch":0,"batch":2,"_timestamp":1.7536554373911161e+09,"_step":2}