{"_step":4,"batch_loss":2.2579641342163086,"_wandb":{"runtime":24},"_runtime":24,"epoch":0,"batch":4,"_timestamp":1.753655397076122e+09}